en,en,1,en.svg,1,2018-10-04 21:12:36,2018-10-11 00:31:44
ru,ru,1,ru.svg,1,2018-10-04 21:13:09,2018-10-04 21:13:09
uk,uk,1,uk.svg,1,2018-10-04 21:13:41,2018-10-04 21:13:41
home,home,1,home.png,2,2018-10-06 23:30:55,2018-10-06 23:30:55
Thrive,thrive,1,thrive.png,2,2018-10-08 14:33:21,2018-10-08 14:33:21
sergiy_chernyshov,sergiy-chernyshov,1,sergiy-chernyshov.png,3,2018-10-29 16:36:37,2018-10-29 16:36:37
sergiy_chernyshov,sergiy-chernyshov-1,1,sergiy-chernyshov-1.jpeg,4,2018-10-29 16:41:25,2018-10-29 16:41:26
Focter_Gamble,focter-gamble,1,focter-gamble.png,5,2018-11-01 14:04:01,2018-11-01 14:04:01
movies,movies,1,movies.png,5,2018-11-01 14:20:59,2018-11-19 17:26:59
dabt,dabt,1,dabt.png,5,2018-11-01 14:22:06,2018-11-01 14:22:06
facebook,facebook,1,facebook.svg,6,2018-11-05 21:40:00,2018-11-10 19:13:27
twitter,twitter,1,twitter.svg,6,2018-11-05 21:42:47,2018-11-10 19:15:37
github,github,1,github.svg,6,2018-11-05 21:51:23,2018-11-10 15:17:40
google_plus,google-plus,1,google-plus.svg,6,2018-11-05 21:52:35,2018-11-10 19:08:45
VK,vk,1,vk.svg,6,2018-11-05 21:53:48,2018-11-10 17:24:13
YouTube,youtube,1,youtube.svg,6,2018-11-05 21:55:06,2018-11-10 17:29:25
telegram,telegram,1,telegram.svg,6,2018-11-09 23:28:02,2018-11-10 00:04:52
scribd,scribd,1,scribd.svg,6,2018-11-10 21:05:46,2018-11-10 21:05:46
mail,mail,1,mail.svg,6,2018-11-16 18:52:19,2018-11-16 18:52:19
terms,terms,1,terms.svg,6,2018-11-16 18:52:58,2018-11-16 18:52:58
home_ru,home-ru,1,home-ru.png,2,2018-12-15 12:54:50,2018-12-15 12:54:50
Thrive-ru,thrive-ru,1,thrive-ru.png,2,2018-12-15 14:15:21,2018-12-15 14:15:21
THE LIGHT BULB CONSPIRACY,the-light-bulb-conspiracy,1,the-light-bulb-conspiracy.png,2,2018-12-15 16:29:36,2018-12-15 16:29:36
COWSPIRACY,cowspiracy,1,cowspiracy.png,2,2018-12-15 17:57:43,2018-12-15 17:57:43
COWSPIRACY ru,cowspiracy-ru,1,cowspiracy-ru.jpeg,2,2018-12-15 17:58:08,2018-12-15 17:58:08
ON THE BEACH,on-the-beach,1,on-the-beach.png,2,2018-12-15 18:07:22,2018-12-15 18:07:22
THE DNA JOURNEY,the-dna-journey,1,the-dna-journey.png,2,2018-12-15 18:07:59,2018-12-15 18:07:59
ПРАВДА СНОУДЕНА,pravda-snoudena,1,pravda-snoudena.png,2,2018-12-15 18:27:50,2018-12-15 18:27:50
CITIZENFOUR,citizenfour,1,citizenfour.png,2,2018-12-15 18:28:26,2018-12-15 18:28:26
AARON RUSSO INTERVIEW,aaron-russo-interview,1,aaron-russo-interview.png,2,2018-12-15 18:29:02,2018-12-15 18:29:02
THE TRUE COST,the-true-cost,1,the-true-cost.png,2,2018-12-15 18:29:38,2018-12-15 18:29:38
Реальная цена моды,realnaya-cena-mody,1,realnaya-cena-mody.png,2,2018-12-15 18:30:12,2018-12-15 18:30:12
SEVERN CULLIS-SUZUKI,severn-cullis-suzuki,1,severn-cullis-suzuki.png,2,2018-12-15 18:30:53,2018-12-15 18:30:53
Эффект лампочки,effekt-lampochki,1,effekt-lampochki.png,2,2018-12-16 15:23:57,2018-12-16 15:23:57
RACING EXTINCTION,racing-extinction,1,racing-extinction.png,2,2018-12-16 15:50:02,2018-12-16 15:50:02
PLANET OCEAN,planet-ocean,1,planet-ocean.png,2,2018-12-16 15:50:43,2018-12-16 15:50:44
ILLUMINATI PLANS,illuminati-plans,1,illuminati-plans.png,2,2018-12-16 15:51:46,2018-12-16 15:51:46
Порабощенные и управляемые,poraboshchennye-i-upravlyaemye,1,poraboshchennye-i-upravlyaemye.png,2,2018-12-16 15:53:02,2018-12-16 15:53:02
STUFF,stuff,1,stuff.png,2,2018-12-16 15:53:59,2018-12-16 15:53:59
ZEITGEIST,zeitgeist,1,zeitgeist.png,2,2018-12-16 15:54:46,2018-12-16 15:54:46
THE INTERNET’S OWN BOY. THE STORY OF AARON SWARTS,the-internet-s-own-boy-the-story-of-aaron-swarts,1,the-internet-s-own-boy-the-story-of-aaron-swarts.png,2,2018-12-16 15:55:28,2018-12-16 15:55:28
EARTHLINGS,earthlings,1,earthlings.png,2,2018-12-16 15:56:13,2018-12-16 15:56:13
THREE QUESTIONS: WHAT DO YOU PROPOSE?,three-questions-what-do-you-propose,1,three-questions-what-do-you-propose.png,2,2018-12-16 15:56:59,2018-12-16 15:56:59
AMERICA: FREEDOM TO FASCISM,america-freedom-to-fascism,1,america-freedom-to-fascism.png,2,2018-12-16 15:57:54,2018-12-16 15:57:54
HUMAN,human,1,human.png,2,2018-12-16 15:58:26,2018-12-16 15:58:26
THE 11TH HOUR,the-11th-hour,1,the-11th-hour.png,2,2018-12-16 15:59:05,2018-12-16 15:59:05
SPOTLIGHT,spotlight,1,spotlight.png,2,2018-12-16 15:59:44,2018-12-16 15:59:44
ENDGAME: BLUEPRINT FOR GLOBAL ENSLAVEMENT,endgame-blueprint-for-global-enslavement,1,endgame-blueprint-for-global-enslavement.png,2,2018-12-16 16:00:59,2018-12-16 16:00:59
INSIDE JOB,inside-job,1,inside-job.png,2,2018-12-16 16:01:38,2018-12-16 16:01:38
THE BIGGEST SECRET,the-biggest-secret,1,the-biggest-secret.png,2,2018-12-16 16:02:30,2018-12-16 16:02:30
THE CHOICE IS OURS,the-choice-is-ours,1,the-choice-is-ours.png,2,2018-12-16 16:03:14,2018-12-16 16:03:14
ДУХ ВРЕМЕНИ: СЛЕДУЮЩИЙ ШАГ,duh-vremeni-sleduyushchiy-shag,1,duh-vremeni-sleduyushchiy-shag.png,2,2018-12-16 16:04:46,2018-12-16 16:04:46
МЕДИАСТАН,mediastan,1,mediastan.png,2,2018-12-16 16:05:35,2018-12-16 16:05:35
ОБМАН ОБАМЫ,obman-obamy,1,obman-obamy.png,2,2018-12-16 16:06:43,2018-12-16 16:06:43
СПАСТИ ПЛАНЕТУ,spasti-planetu,1,spasti-planetu.png,2,2018-12-17 01:44:56,2018-12-17 01:44:56
Befor the flood,befor-the-flood,1,befor-the-flood.png,2,2018-12-17 01:45:38,2018-12-17 01:45:38
HASH FUNCTION,hash-function,1,hash-function.png,2,2018-12-17 13:58:44,2018-12-17 13:58:44
P2P,p2p,1,p2p.png,2,2018-12-17 13:59:16,2018-12-17 13:59:16
BLOCKCHAIN,blockchain,1,blockchain.png,2,2018-12-17 13:59:52,2018-12-17 13:59:52
OPEN SOURCE,open-source,1,open-source.png,2,2018-12-17 14:00:28,2018-12-17 14:00:28
BIOMETRICS,biometrics,1,biometrics.png,2,2018-12-17 14:01:08,2018-12-17 14:01:08
SMART CONTRACTS,smart-contracts,1,smart-contracts.png,2,2018-12-17 14:01:41,2018-12-17 14:01:41
BITCOIN,bitcoin,1,bitcoin.png,2,2018-12-17 14:02:08,2018-12-17 14:02:08
ENEBRA.ORG,enebra-org,1,enebra-org.png,2,2018-12-17 14:03:36,2018-12-17 14:03:36
ENEBRA PROJECT PRESENTATION,enebra-project-presentation,1,enebra-project-presentation.png,2,2018-12-17 14:04:21,2018-12-17 14:04:21
ENEBRA DOCUMENTARY,enebra-documentary,1,enebra-documentary.png,2,2018-12-17 14:04:52,2018-12-17 14:04:52
FUTURE BY DESIGN,future-by-design,1,future-by-design.png,2,2018-12-17 14:05:46,2018-12-17 14:05:46
OUR TECHNICAL REALITY,our-technical-reality,1,our-technical-reality.png,2,2018-12-17 14:06:15,2018-12-17 14:06:15
DOUGLAS MALLETTE,douglas-mallette,1,douglas-mallette.png,2,2018-12-17 14:06:51,2018-12-17 14:06:51
ELON MUSK: HOW I BECAME THE REAL 'IRON MAN',elon-musk-how-i-became-the-real-iron-man,1,elon-musk-how-i-became-the-real-iron-man.png,2,2018-12-17 14:07:32,2018-12-17 14:07:32
Where to Invade Next,where-to-invade-next,1,where-to-invade-next.png,2,2018-12-17 14:20:45,2018-12-17 14:20:45
Куда бы ещё вторгнуться,kuda-by-eshche-vtorgnutsya,1,kuda-by-eshche-vtorgnutsya.png,2,2018-12-17 14:21:21,2018-12-17 14:21:21
The salt of the earth,the-salt-of-the-earth,1,the-salt-of-the-earth.png,2,2018-12-17 14:38:27,2018-12-17 14:38:27
Соль земли,sol-zemli,1,sol-zemli.png,2,2018-12-17 14:39:03,2018-12-19 20:28:09
Minimalism,minimalism,1,minimalism.png,2,2018-12-17 15:01:01,2018-12-17 15:01:01
An Inconvenient Sequel Truth to Power,an-inconvenient-sequel-truth-to-power,1,an-inconvenient-sequel-truth-to-power.png,2,2018-12-17 15:01:59,2018-12-17 15:01:59
Неудобная планета,neudobnaya-planeta,1,neudobnaya-planeta.png,2,2018-12-17 15:02:44,2018-12-17 15:02:44
Terra,terra,1,terra.png,2,2018-12-17 15:17:25,2018-12-17 15:17:25
Virunga,virunga,1,virunga.png,2,2018-12-17 15:23:39,2018-12-17 15:23:39
Fahrenheit 9/11,fahrenheit-9-11,1,fahrenheit-9-11.png,2,2018-12-17 15:34:46,2018-12-17 15:34:46
The Butterfly Circus,the-butterfly-circus,1,the-butterfly-circus.png,2,2018-12-17 15:40:06,2018-12-17 15:40:06
The global brain by Peter Russell,the-global-brain-by-peter-russell,1,the-global-brain-by-peter-russell.png,2,2018-12-17 16:09:39,2018-12-17 16:09:39
Земля: один потрясающий день,zemlya-odin-potryasayushchiy-den,1,zemlya-odin-potryasayushchiy-den.png,2,2018-12-17 17:49:02,2018-12-17 17:49:02
ИСКУШЕНИЕ ЦИВИЛИЗАЦИЕЙ,iskushenie-civilizaciey,1,iskushenie-civilizaciey.png,2,2018-12-17 18:20:34,2018-12-17 18:20:34
calendar,calendar,1,calendar.svg,7,2018-12-22 13:32:24,2018-12-22 13:32:24
print,print,1,print.svg,7,2018-12-22 13:44:45,2018-12-22 13:44:45
PDF,pdf,1,pdf.svg,7,2018-12-22 13:45:19,2018-12-22 13:45:19
view,view,1,view.svg,7,2018-12-22 13:46:05,2018-12-22 13:46:05
email,email,1,email.svg,8,2018-12-22 17:04:49,2018-12-22 17:04:49
facebook,facebook-1,1,facebook-1.svg,8,2018-12-22 17:05:48,2018-12-22 17:05:48
tweet,tweet,1,tweet.svg,8,2018-12-22 17:06:28,2018-12-22 17:06:28
pin,pin,1,pin.svg,8,2018-12-22 17:06:58,2018-12-22 17:06:58
LinkedIn,linkedin,1,linkedin.svg,8,2018-12-22 17:08:12,2018-12-22 17:08:12
Google+,google,1,google.svg,8,2018-12-22 17:08:47,2018-12-22 17:08:47
Tumblr,tumblr,1,tumblr.svg,8,2018-12-22 17:09:16,2018-12-22 17:09:16
VK,vk-1,1,vk-1.svg,8,2018-12-22 17:10:11,2018-12-23 14:50:31
Reddit,reddit,1,reddit.svg,8,2018-12-22 17:10:33,2018-12-23 14:51:14
Free Bitcoins,free-bitcoins,1,free-bitcoins.png,5,2018-12-27 16:50:17,2018-12-27 16:50:17
Ethereum,ethereum,1,ethereum.png,5,2018-12-27 16:52:42,2018-12-27 16:52:42
Resource Equivalent,resource-equivalent,1,resource-equivalent.png,5,2018-12-27 16:55:02,2018-12-27 16:55:03
Oksana Zhumik,oksana-zhumik,1,oksana-zhumik.png,5,2018-12-27 16:56:09,2018-12-27 16:56:09
The Enebra calculation formula,the-enebra-calculation-formula,1,the-enebra-calculation-formula.svg,5,2018-12-27 16:56:56,2018-12-27 16:56:56
Golden Ratio,golden-ratio,1,golden-ratio.png,5,2018-12-27 16:57:55,2018-12-27 16:57:55
Arrow,arrow,1,arrow.png,5,2018-12-27 17:02:45,2018-12-27 17:02:45
ellipse,ellipse,1,ellipse.png,5,2018-12-27 17:04:45,2018-12-27 17:04:45
ellipses,ellipses,1,ellipses.png,5,2018-12-27 17:05:14,2018-12-27 17:05:14
Human being,human-being,1,human-being.png,5,2018-12-27 17:07:08,2018-12-27 17:07:08
wallet,wallet,1,wallet.png,5,2018-12-27 17:09:11,2018-12-27 17:09:11
bitcoin wallet,bitcoin-wallet,1,bitcoin-wallet.png,5,2018-12-27 17:10:13,2018-12-27 17:10:13
enebra wallet,enebra-wallet,1,enebra-wallet.png,5,2018-12-27 17:10:58,2018-12-27 17:10:58
enebra interface,enebra-interface,1,enebra-interface.png,5,2018-12-27 17:14:22,2018-12-27 17:14:22
mouse,mouse,1,mouse.png,5,2018-12-27 17:15:32,2018-12-27 17:15:32
garbage dump,garbage-dump,1,garbage-dump.png,5,2018-12-27 17:16:57,2018-12-27 17:16:57
voting,voting,1,voting.png,5,2018-12-27 17:18:24,2018-12-27 17:18:24
hackers,hackers,1,hackers.png,5,2018-12-27 17:20:35,2018-12-27 17:20:35
weapons,weapons,1,weapons.png,5,2018-12-27 17:21:40,2018-12-27 17:21:40
Justice,justice,1,justice.png,5,2018-12-27 17:22:42,2018-12-27 17:22:42
Mass media,mass-media,1,mass-media.png,5,2018-12-27 17:23:23,2018-12-27 17:23:23
Health,health,1,health.png,5,2018-12-27 17:24:05,2018-12-27 17:24:05
Education,education,1,education.png,5,2018-12-27 17:24:31,2018-12-27 17:24:31
killing of animals,killing-of-animals,1,killing-of-animals.png,5,2018-12-27 17:25:33,2018-12-27 17:25:33
Eduard Moisieiev,eduard-moisieiev,1,eduard-moisieiev.png,5,2018-12-31 20:01:52,2018-12-31 20:01:52
what-ul,what-ul,1,what-ul.svg,7,2019-01-03 18:20:51,2019-01-03 18:20:51
Rustem Ablaev,rustem-ablaev,2,rustem-ablaev.png,3,2019-01-08 14:08:13,2019-01-12 18:10:39
Rustem Ablaev,rustem-ablaev-1,2,rustem-ablaev-1.jpeg,4,2019-01-08 14:08:54,2019-01-12 18:11:49
check box done,check-box-done,1,check-box-done.svg,7,2019-01-09 13:59:26,2019-01-09 13:59:27
check box,check-box,1,check-box.svg,7,2019-01-09 14:00:12,2019-01-09 14:00:12
active quest,active-quest,1,active-quest.svg,7,2019-01-09 16:41:38,2019-01-09 16:41:38
kk,kk,1,kk.svg,1,2019-01-12 13:26:09,2019-01-12 13:41:37
fr,fr,1,fr.svg,1,2019-01-12 14:05:30,2019-01-12 14:05:30
bl,bl,1,bl.svg,1,2019-01-12 17:44:40,2019-01-12 19:05:56
us,us,1,us.svg,1,2019-01-12 18:19:07,2019-01-12 18:55:15
au,au,1,au.svg,1,2019-01-12 19:03:09,2019-01-12 19:03:09
de,de,1,de.svg,1,2019-01-12 19:32:55,2019-01-12 19:43:12
it,it,1,it.svg,1,2019-01-12 22:27:25,2019-01-12 22:27:25
es,es,1,es.svg,1,2019-01-14 23:13:00,2019-01-14 23:13:00
empty_avatar,empty-avatar,1,empty-avatar.svg,3,2019-01-17 19:27:39,2019-01-17 19:27:40
